,roc_auc,accuracy,sensitivity,specificity,f1_score, time
0,0.9103963077300015,0.8619644436815908,0.688186709298171,0.9208623586741022,0.7877015672755141, 25 hours
