,roc_auc,accuracy,sensitivity,specificity,f1_score,training_time
0,0.90239085638263,0.8557546002419943,0.6456406586735152,0.9269750641041054,0.7611430844720478,3243 minutes and 1 seconds
