fold,epoch,train_loss,train_accuracy,train_roc_auc,val_loss,val_accuracy,val_roc_auc,val_sensitivity,val_specificity
1,1,0.333906772867447,0.948186218848981,0.9899764566610938,0.08521428469682511,0.9708762886597938,0.9850662528725036,0.9440993788819876,0.9726535660299575
1,2,0.12090304654815463,0.9550140441044642,0.9933198159384771,0.10214961666901622,0.9712628865979381,0.9719189562053618,0.9089026915113871,0.9754019513535798
1,3,0.09744852511270104,0.9446602521962589,0.9941803638913802,0.16151441847752213,0.9298969072164949,0.9607481639733344,0.906832298136646,0.9314277861756218
1,4,0.08544789097565902,0.9610201398434232,0.9962581232324191,0.1173008509793385,0.9550257731958763,0.9703490193300255,0.9192546583850931,0.9574000274838532
1,5,0.07598660557191814,0.9730622123946692,0.9973933836054649,0.09251903571700043,0.9796391752577319,0.966226441344592,0.8757763975155279,0.9865329119142504
1,6,0.06882271544583676,0.9497549751987091,0.9954886855355635,0.30282672432765323,0.8655927835051547,0.9652554020992997,0.9151138716356108,0.8623058952865191
