Algorithm,Accuracy,Silhouette Score
K-means,0.7980403829136835,0.37760116187487547
GMM,0.6766277853752715,0.31045797729942043
Autoencoder + K-means,0.6750189043520232,0.8909547