Algorithm,Accuracy,Silhouette Score
K-means,0.7967404070468989,0.44415070750032154
GMM,0.7930142385970558,0.43200454006346073
DBSCAN,0.6554774354436489,0.011750424339312475
