epoch,train_loss,val_loss,train_accuracy,val_accuracy,val_roc_auc
1,0.003826920385772462,0.0031455765255843163,0.9996223416906025,0.999671008839916,0.49029533301053463
2,0.0035979118899298755,0.0029728650786643948,0.9996219060985501,0.999671008839916,0.51552599273226
3,0.0035773561008656247,0.003069426931494851,0.9996214705064977,0.9996694786484737,0.4793375927948263
4,0.003538585702718914,0.0029783254207988883,0.9996210349144453,0.999671008839916,0.42676169648567375
5,0.0035724145823006898,0.003073228324549246,0.9996219060985501,0.999671008839916,0.4680357025003797
6,0.003543803132100084,0.0030115337165924614,0.9996223416906025,0.999671008839916,0.5300073039071097
7,0.003538394334735588,0.0029750266773482907,0.9996223416906025,0.999671008839916,0.48765042015442644
