,roc_auc,accuracy,sensitivity,specificity,f1_score,training_time
0,0.5201648175729179,0.9997227554151101,0.0,1.0,0.0,51202.63636803627
