epoch,train_loss,val_loss,train_accuracy,val_accuracy,val_roc_auc
1,0.396660870389787,0.6530402456464416,0.8062164443896972,0.7407574157128262,0.7962395520749647
2,0.31257260129602804,0.6989177397212669,0.8573246245226729,0.7216517457733755,0.7840818510397807
3,0.26472806616248046,0.7375333849168656,0.8859131782852576,0.7050569418229464,0.773636525714006
4,0.2351178337436162,0.7518066044255718,0.901231211111545,0.7011434541435061,0.7892147388969528
5,0.216316482265664,0.8127300490560351,0.9095339244027966,0.6883871004981327,0.7718763471741592
6,0.2010947661621636,0.9192196970712548,0.916669420717876,0.6719308270850289,0.7551252569826936
