,roc_auc,accuracy,sensitivity,specificity,f1_score,training_time
0,0.802069594010665,0.6812449524756166,0.8120700268918817,0.5774162580999074,0.6749292041349978,5280.088064908981
