fold,epoch,train_loss,train_accuracy,train_roc_auc,val_loss,val_accuracy,val_roc_auc,val_sensitivity,val_specificity
4,1,0.3255335073338949,0.9369769874476988,0.9895872982075852,0.7614345755660047,0.7483267943687976,0.7873637939098244,0.6438929168990518,0.8220472440944881
4,2,0.08841900223855977,0.9655160390516039,0.9956407316026455,0.9542740235849453,0.7605585045003462,0.8342605182665747,0.6012269938650306,0.8730314960629921
4,3,0.06830162902481982,0.9650453277545328,0.996493857352277,0.8417374612744999,0.7989845372720978,0.8805996622363435,0.7638036809815951,0.8238188976377953
4,4,0.05976081772376791,0.9703451882845189,0.9974879357787391,0.49216532540448604,0.8547195938149088,0.930960694147406,0.7678471834913553,0.9160433070866142
4,5,0.054590231078588965,0.9801603905160391,0.9979377006195324,0.5729799756034253,0.8658550657742903,0.9297267012792532,0.7907138873396542,0.9188976377952756
4,6,0.05188091213854715,0.9657426778242678,0.9981335175931176,0.7028433935972092,0.8566812831756289,0.9304061672470807,0.829196876742889,0.8760826771653544
4,7,0.05004059450906667,0.9762029288702929,0.998060582225409,0.7288936494323498,0.8341218555273483,0.9208227479129247,0.6791689905186837,0.943503937007874
4,8,0.04618150757747958,0.9777370990237099,0.99881894127075,0.6434767122266268,0.8591622432494808,0.9313829741975574,0.8183212493028444,0.8879921259842519
4,9,0.04437539852171577,0.9647489539748954,0.9980645036319713,0.5986537242025436,0.8423147934456496,0.9246985350949231,0.695064138315672,0.9462598425196851
