,roc_auc,accuracy,sensitivity,specificity,f1_score,training_time
0,0.940491858084792,0.925570890098374,0.865629691409508,0.9459077069349965,0.9039899448990586,53431.16677093506
