epoch,train_loss,val_loss,train_accuracy,val_accuracy,val_roc_auc
1,0.46523308686735254,0.46324824965933425,0.8174109986675834,0.8286226815358572,0.5154819438239707
2,0.44976866633536833,0.47801958545336354,0.8199128744208258,0.813436148295992,0.5340899127328367
3,0.4312211001846961,0.5208564997923995,0.8237907382668476,0.7960945416030195,0.5087038650524767
4,0.4045868279449111,0.5421165494995386,0.8287387182483559,0.7891823883968886,0.5316820577492498
5,0.37778160331549976,0.6263605936110124,0.8359637450230449,0.7590419718922096,0.5268595572263355
6,0.3528220813696175,0.6936093820045478,0.8441325305719457,0.7620449932807014,0.47470203737548167
