,roc_auc,accuracy,sensitivity,specificity,f1_score,training_time
0,0.48437739106460065,0.7665451787796127,0.10305476306450491,0.8954351293627836,0.18483683369451004,13332.628818035126
