fold,epoch,train_loss,train_accuracy,train_roc_auc,val_loss,val_accuracy,val_roc_auc,val_sensitivity,val_specificity
4,1,0.10409898323707567,0.8841594871470361,0.9791588744341237,0.9356094787373205,0.7784114254948356,0.9089375159200752,0.923111949521889,0.7242748879294819
4,2,0.07010383605174977,0.8760634575346894,0.9818409441801679,1.002815860487609,0.7546579010753907,0.9143217232933455,0.9254537175567553,0.6907583803437316
4,3,0.06100063241191273,0.9438628499252235,0.9897176846973461,0.7005486936229087,0.8392510520126383,0.9399598589819749,0.9551811617771417,0.795878335953585
4,4,0.05515073000528084,0.9093579250807128,0.9833326209864234,0.795433205688429,0.8216289547882515,0.9332012976819611,0.9551031028426462,0.7716925203576522
4,5,0.05131132723936791,0.9015231587672633,0.9837439129702691,0.9822975931643263,0.8021366128735177,0.9209492388636011,0.9644831848045274,0.7413981922696896
4,6,0.04840798331266127,0.9443947744834098,0.9896048092853459,0.7890688404609804,0.8271298828263365,0.93464327816651,0.9611786899108827,0.7769784522830261
4,7,0.04606915743403203,0.9442312499725893,0.990838531298367,0.7764996197105426,0.8196099406338996,0.9366519035367378,0.9620113185455018,0.7663335783228118
4,8,0.04397012919318987,0.9172728873228406,0.9833743164667251,1.2492071456919238,0.7905007155102792,0.8964419603841703,0.957705067325831,0.7279448627653309
