,roc_auc,accuracy,sensitivity,specificity,f1_score,training_time_minutes,training_time_seconds
0,0.9109180726495315,0.8810173606818751,0.8006228581434325,0.9083085310089204,0.8510728713727111,307,23
