epoch,train_loss,val_loss,train_accuracy,val_accuracy,val_roc_auc
1,0.32958871965370296,0.31512074452450045,0.8955922195236937,0.9106409812931053,0.5048390148307974
2,0.3123244438586854,0.3356705901213629,0.8956070338350156,0.9061777751927781,0.5539370712934509
3,0.29581020575633066,0.3518184654039648,0.8962658349738004,0.8973738103474138,0.5611355020696973
4,0.2799596340384577,0.3757397691318959,0.8976365944861133,0.877442442090054,0.5302253955172409
5,0.2654921869832757,0.408453274644827,0.8995641978181134,0.8421255636404823,0.5586135157535788
6,0.25345338941775997,0.4414399966766735,0.9020347020885565,0.8293359373804225,0.5372032734598868
