,roc_auc,accuracy,sensitivity,specificity,f1_score, time
0,0.95592022809544,0.9053995223905831,0.8991032137618349,0.9075383770377626,0.9033011036192446, 136 minutes and 14 seconds
