epoch,train_loss,val_loss,train_accuracy,val_accuracy,val_roc_auc
1,0.46793405664114396,0.46205119824075913,0.8171783268368221,0.8353144295024658,0.5254168771271758
2,0.4589632621624602,0.4697326948117842,0.8177151277647209,0.8165003933621289,0.51793673044138
3,0.4487963531379507,0.4817602731515418,0.8200052460090681,0.8126341181188412,0.5441280865735537
4,0.43096773216853257,0.47030035549445515,0.8235144949321984,0.8166320242690658,0.5521132616068963
5,0.4046091056751709,0.5252553360339718,0.8278472452788097,0.8020822172767096,0.49316362236870925
6,0.3820588095440929,0.6086898720014559,0.8333328976182944,0.7847008151932678,0.5068850922308145

early stopping at epoch 6