,roc_auc,accuracy,sensitivity,specificity,f1_score,training_time
0,0.5332087965401247,0.7877282142412477,0.09879270753601002,0.9215611397983184,0.17845479859462138,40702.591138124466
