fold,epoch,train_loss,train_accuracy,train_roc_auc,val_loss,val_accuracy,val_roc_auc,val_sensitivity,val_specificity
0,1,0.3510485159953627,0.9338937772612705,0.9910857735613713,0.4035170998540707,0.8418494368701838,0.838725432389937,0.60625,0.8839972047519218
0,2,0.08229591386505812,0.983307424121225,0.9963500106582586,0.31719312228321517,0.8547717842323651,0.8679620894479385,0.4015625,0.9358490566037736
0,3,0.062096573301933425,0.977572181052568,0.9981480655550857,0.7574260097224562,0.730646117368109,0.807183896750524,0.7734375,0.7229909154437456
0,4,0.053680850854380714,0.9850129042969045,0.9982961684975966,0.723840720069182,0.6831061055127445,0.7183260176450036,0.48359375,0.7187980433263452
0,5,0.04778451576157727,0.9876390419125526,0.9989074393908202,0.9591556777445613,0.6365145228215767,0.7158768998951781,0.80859375,0.6057302585604473
0,6,0.04279028835971397,0.9864316223191512,0.9987114460405446,1.3636827493879315,0.5811499703615887,0.6923220213137665,0.81484375,0.5393431167016073
0,7,0.04080462463487814,0.9714596193609731,0.9979441726900579,2.240610569242783,0.512863070539419,0.6382073833857441,0.9640625,0.4321453529000699
