epoch,train_loss,val_loss,train_accuracy,val_accuracy,val_roc_auc
1,0.5475017904050837,0.5775782051858472,0.7242329980425218,0.7311744222855334,0.7961948480371969
2,0.4555141617083797,0.6218263973581529,0.7870806442235013,0.7522760367204812,0.8168022840205
3,0.3972438328190302,0.6747121786104547,0.8208955947051185,0.736897752453308,0.7989152579270433
4,0.3536732426936808,0.6983333761632391,0.8445581461454478,0.7530610952833175,0.8167330334112874
5,0.3188108779583179,0.6983781309370682,0.861896040467469,0.7447166824944603,0.8121521253879507
6,0.2900014983705648,0.8277850867513441,0.8761249039026817,0.7403482114593226,0.8021976910487255
