,roc_auc,accuracy,sensitivity,specificity,f1_score,training_time
0,0.7484273948182583,0.6938731338024624,0.7369177198237027,0.6635344797995401,0.6983034708500999,4599.89528131485
