epoch,train_loss,val_loss,train_accuracy,val_accuracy,val_roc_auc
1,0.4413463189177821,0.7940891052532928,0.7610271473807272,0.6522606743033318,0.7187913177599278
2,0.35418903709723804,0.991996425682477,0.8175717164358856,0.6286629458080774,0.6919435302875441
3,0.2894642771245676,1.0113822952568907,0.8586695962260382,0.6400322025148287,0.6894019657849598
4,0.24340685987523752,1.2552574222695103,0.8860383388458398,0.6252107423546104,0.6862055857126651
5,0.2129539480055224,1.365971132379351,0.9012775307104377,0.6313488954754023,0.6710735654949243
6,0.19212769583315803,1.5381720426619583,0.9112378759127947,0.6236087394448315,0.6715415442462096
