,roc_auc,accuracy,sensitivity,specificity,f1_score,training_time
0,0.7705458258653258,0.6854671732738555,0.7678492449078123,0.6200443200967374,0.6860764758918627,33374.717133283615
