,roc_auc,accuracy,sensitivity,specificity,f1_score,training_time_minutes,training_time_seconds
0,0.9397049753663373,0.8876833947466279,0.87348623853211,0.8925001980780767,0.8828908588956096,506,49
