fold,epoch,train_loss,train_accuracy,train_roc_auc,val_loss,val_accuracy,val_roc_auc,val_sensitivity,val_specificity
1,1,0.11723076115925547,0.9210460695112778,0.9826008926947346,0.4409831213774898,0.8520271037589431,0.9106559948801104,0.8209717720986616,0.8593716174706726
1,2,0.07808366023923421,0.8819283729524948,0.980519635473891,0.5323299388459563,0.797135840557217,0.9174400662657222,0.9090448034437545,0.77066963110318
1,3,0.06752297813159085,0.8962702689706574,0.9776206403528277,0.8449629977349407,0.8152988605822008,0.9159852667906918,0.9058905024615918,0.7938741479682884
1,4,0.06099073727625698,0.9063469656221771,0.9876840894921964,0.6623768223597211,0.8111183139644925,0.9367965630784931,0.9226392221864872,0.7847438785361145
1,5,0.05640217835215852,0.9406670856989768,0.9914541763868958,0.5069106571365452,0.85007760154446,0.9302945713845612,0.8875831869572747,0.8412076178217243
1,6,0.053319309796611605,0.9430315270293014,0.9908539866899859,0.49554948798190995,0.8746593102926146,0.9452999338697476,0.8906880087083446,0.8708685603955182
