epoch,train_loss,val_loss,train_accuracy,val_accuracy,val_roc_auc
1,0.4644765559463847,0.5605101384148552,0.7495362701388033,0.7203285160217934,0.8320195830479817
2,0.3834314417461325,0.5969645417715911,0.814272056856137,0.7028522947640594,0.8104701939167085
3,0.34803392044114,0.7158686540027631,0.8366092553565684,0.696578631452581,0.7913242087547745
4,0.3220350790340606,0.7301395536287725,0.8519311304787015,0.7009938590820943,0.7883276148046743
5,0.2988872663568152,0.9527970742184879,0.864042221213424,0.6556353310554991,0.7267344742228619
6,0.2772120030929244,0.9710847389926753,0.8754378000715511,0.6816188013667005,0.7539522225115045
