,roc_auc,accuracy,sensitivity,specificity,f1_score,training_time
0,0.7172474738248977,0.6109590217100996,0.7698163519848609,0.4843230363081565,0.5945747282531979,130343.21295499802
