,roc_auc,accuracy,sensitivity,specificity,f1_score,training_time
0,0.6756841260010337,0.70981635283924,0.4401086811574877,0.8014359891961065,0.5681937100769641,4264 minutes and 4 seconds
