fold,epoch,train_loss,train_accuracy,train_roc_auc,val_loss,val_accuracy,val_roc_auc,val_sensitivity,val_specificity
1,1,0.13059721115350398,0.9633937495491968,0.9927153470641017,0.2011033489660195,0.9328510050346368,0.9622320654963457,0.8444001880210782,0.9537694175467337
1,2,0.08144406428986875,0.9666773142089735,0.9942107716681339,0.2619774931882652,0.9254244425937843,0.9529996358833472,0.827799905989461,0.9485124184536173
1,3,0.06938007664740253,0.9695033780186642,0.995292803480224,0.3036350740330619,0.9226870954309725,0.9422926825192929,0.7968259073254002,0.9524529737003774
1,4,0.06265006224407545,0.9728734968933219,0.9961806268130253,0.2642400796046892,0.9305418859068024,0.9573629573104598,0.8238415675020411,0.9557762630547348
1,5,0.05811117385353604,0.9773818723874881,0.9970191451445547,0.25409952087626003,0.9432089184994511,0.9571149869213285,0.8160114791816135,0.973290817072814
1,6,0.054213786404396204,0.9738194108130944,0.9964797167592205,0.3055012100463616,0.9288904871862815,0.9446985120281768,0.7851240691719651,0.9628909106865986
