epoch,train_loss,val_loss,train_accuracy,val_accuracy,val_roc_auc
1,0.540734003059627,0.5685443171969441,0.7283479105928086,0.7211301587301587,0.7957784568303754
2,0.43441051024469773,0.6327332259535756,0.8002494331065759,0.7412190476190477,0.8124638499183287
3,0.37068634954906443,0.7389172073276747,0.8359280855199223,0.729384126984127,0.7869900383500441
4,0.3225393831873541,0.7988837928290671,0.8607871720116618,0.7539809523809524,0.8231625722291447
5,0.2861227232268144,0.8879038038792848,0.8786848072562359,0.7443047619047619,0.8089826204572307
6,0.25466652018975455,0.8831585239767664,0.8929186912860382,0.7430730158730159,0.8097218830904713
