fold,epoch,train_loss,train_accuracy,train_roc_auc,val_loss,val_accuracy,val_roc_auc,val_sensitivity,val_specificity
3,1,0.2968288767516585,0.9594507776665521,0.9933023138037895,0.8124219396042852,0.7519649529699781,0.7718849610170023,0.5802752293577982,0.7621843003412969
3,2,0.09944591212957157,0.9675785510451061,0.9955363418429907,0.36660211043800767,0.8869990980543745,0.8108084666687542,0.3922018348623853,0.9164505119453925
3,3,0.08040433161300238,0.961617187850174,0.9957661259839943,0.9427328234260093,0.8126530086329081,0.828928202398472,0.591743119266055,0.82580204778157
3,4,0.07008462199187472,0.9559546398529829,0.9969265418648291,1.331958602773806,0.7572477773482799,0.8488286313680057,0.786697247706422,0.755494880546075
3,5,0.06788962183126879,0.9715378524151739,0.9974245250195808,0.6716356843780849,0.8176781342610489,0.8875655196167455,0.7362385321100917,0.8225255972696246
3,6,0.062288451241913616,0.9505012624942104,0.9974274380010005,1.686898727008403,0.6323927328952454,0.7481094028869337,0.7752293577981652,0.6238907849829352
3,7,0.058900876751279856,0.9805770121468378,0.9976475460455453,0.7573640122873145,0.8125241592578276,0.8835814259323044,0.7706422018348624,0.8150170648464163
