,roc_auc,accuracy,sensitivity,specificity,f1_score,training_time
0,0.966524791452554,0.9229382880903283,0.8712427022518766,0.9404775379461001,0.9045372164941022,27913.29963827133
