,roc_auc,accuracy,sensitivity,specificity,f1_score,training_time_minutes,training_time_seconds
0,0.9179709375333234,0.8288805765126059,0.8858514468595813,0.80952758446912,0.8459715128276538,508,41
