,roc_auc,accuracy,sensitivity,specificity,f1_score
0,0.9518123178527768,0.9093273553970455,0.8586488740617181,0.9265215225978789,0.8912949303453155
