,roc_auc,accuracy,sensitivity,specificity,f1_score,training_time
0,0.5296408514673385,0.9955199104777613,0.0,1.0,0.0,113345.93865561485
