,roc_auc,accuracy,sensitivity,specificity,f1_score,training_time
0,0.9679837535573222,0.9224861397518678,0.8585404503753128,0.9441815979807355,0.899326765438619,40555.7455868721
