,roc_auc,accuracy,sensitivity,specificity,f1_score,training_time_minutes,training_time_seconds
0,0.9531034277268393,0.9112331395152293,0.8454462051709758,0.9335532943213846,0.8873179449843539,1386,26
