fold,epoch,train_loss,train_accuracy,train_roc_auc,val_loss,val_accuracy,val_roc_auc,val_sensitivity,val_specificity
0,1,0.1301255615465857,0.9655073600594384,0.9913105201674707,0.23516005294787262,0.9236003114938922,0.9691753055473691,0.9056042427966239,0.928548142352467
0,2,0.08432202781754777,0.9623641955446057,0.9920678632681428,0.3126431598314652,0.9068307821053733,0.9629783322446055,0.8976274402009292,0.9093611446997178
0,3,0.07299335737040114,0.9600558477912917,0.9920218335041364,0.4094466018022818,0.888468914536769,0.9649108151680184,0.9249210404337656,0.8784467837921142
0,4,0.06564041553497844,0.9732810301183106,0.9955108536335002,0.3159953081158465,0.898843520810814,0.9698813771119984,0.9331349912147376,0.8894154396946203
0,5,0.060566685608584754,0.9761272788287984,0.9958249717894924,0.23885491912592025,0.9188349198600602,0.9654864832515473,0.8529142278131704,0.9369591246413922
0,6,0.05673305722622464,0.9762881657646411,0.9964580508733025,0.32523904855056646,0.9084812348175785,0.9697480821786714,0.9292004872317261,0.9027846930791664
