epoch,train_loss,val_loss,train_accuracy,val_accuracy,val_roc_auc
1,0.08313799554252836,0.06679166470681586,0.9842471584843739,0.9876664901383961,0.4833483605893215
2,0.0815254120007333,0.06800788566298642,0.9842497727746072,0.9876664901383961,0.5034106104604905
3,0.08104450852756877,0.06689600523327519,0.9842497727746072,0.9876664901383961,0.5182907348401335
4,0.08078180668650775,0.06793182185269109,0.9842489013445295,0.9876664901383961,0.5346880191171208
5,0.08058057526822614,0.06745291657991052,0.9842497727746072,0.9876664901383961,0.5485431302140321
6,0.08049734604092093,0.06831595847900938,0.9842497727746072,0.9876664901383961,0.5374410183683436
