,roc_auc,accuracy,sensitivity,specificity,f1_score,training_time
0,0.5280338327142002,0.9873597890185515,0.0,1.0,0.0,17210.872280597687
