,roc_auc,accuracy,sensitivity,specificity,f1_score,training_time_minutes,training_time_seconds
0,0.9573329928874748,0.9128304485987627,0.8677147623019182,0.9281372737665395,0.8969095423395818,820,57
