,roc_auc,accuracy,sensitivity,specificity,f1_score,training_time
0,0.7295567179234994,0.6790711761736496,0.6400976800976801,0.7065404475043029,0.671679929556177,2495.811933517456
