epoch,train_loss,val_loss,train_accuracy,val_accuracy,val_roc_auc
1,0.30160165708206743,1.0196004536365495,0.853421883590762,0.6373905464452487,0.7106082251083463
2,0.18544695585397905,1.1513092115262196,0.9185997602473238,0.6256904881469809,0.6905369632011281
3,0.13937007828525128,1.325705389716923,0.9406491949657947,0.6245014343682719,0.6865384662029325
4,0.11146387296743071,1.5080830189292882,0.9532061662705841,0.6237279722015389,0.6856943847492124
5,0.09357981411112751,1.652970086318032,0.9612730326310002,0.6368883732474444,0.7034939807628531
6,0.08075590816780215,1.8374463969153685,0.9666314148111873,0.6214710788642804,0.6915830353689315
