,roc_auc,accuracy,sensitivity,specificity,f1_score,training_time
0,0.7952970753337298,0.6995904635837542,0.7464279157171708,0.6624181437926424,0.7019182700151283,6055.087620258331

This results is for equilibrate dataset.



For no equilibrate dataset:
,roc_auc,accuracy,sensitivity,specificity,f1_score,training_time
0,0.7877502087546238,0.742180929784585,0.8519134559998964,0.4515291253814242,0.5902273612707252,11202.50517821312

