epoch,train_loss,val_loss,train_accuracy,val_accuracy,val_roc_auc
1,0.1350038762008195,0.11463905847442102,0.9701665912879649,0.9760217466502995,0.5652099161475631
2,0.13166208965300524,0.11890484725780773,0.9701665912879649,0.9760829703279447,0.5518385770929977
3,0.13013439710834995,0.11622448111039091,0.970170077008276,0.9760829703279447,0.5648039777422206
4,0.12927484959800759,0.1173256240976787,0.9701692055781982,0.9760829703279447,0.555049970758429
5,0.12836865090680474,0.11805263515265792,0.9701674627180427,0.9760737867762979,0.5598263877969785
6,0.1273845086012466,0.12339140882549826,0.9701692055781982,0.9760829703279447,0.5747385205000004
