,roc_auc,accuracy,sensitivity,specificity,f1_score,training_time
0,0.5063967548429612,0.9756703528053515,0.0,1.0,0.0,17263.695115804672
