cv_accuracy_mean,cv_accuracy_std,cv_roc_auc_mean,cv_roc_auc_std,cv_sensitivity_mean,cv_sensitivity_std,cv_specificity_mean,cv_specificity_std,test_loss,test_accuracy,test_roc_auc,test_sensitivity,test_specificity
0.7764709599126565,0.1329181929423807,0.8683454045971981,0.11795102255784695,0.8179167115124969,0.10343507763855479,0.7893468314295039,0.18359257178561142,1.698894083134747,0.65149359886202,0.7907048487952673,0.9247535028541775,0.5705945613765555
