k,SSD,Silhouette Score
2,899640.6822312068,0.4588904868289297
3,623881.8821916566,0.41368876023585904
4,502620.26529837545,0.4057803511977645
5,411545.57692050433,0.42007342343433773
6,349397.5626270701,0.3783625185201143
7,295698.8769970296,0.38716807261232106
8,261680.97129841492,0.34912390816443534
9,239178.82058028135,0.32810454761591745
10,217350.45558747734,0.3331975031308123
