,roc_auc,accuracy,sensitivity,specificity,f1_score
0,0.9594846553143358,0.9102305627760519,0.8044072543005734,0.946178717235834,0.8695522943569832,


