epoch,train_loss,val_loss,train_accuracy,val_accuracy,val_roc_auc
1,0.2932834896599645,0.5365777279972619,0.8696721668335583,0.7786902668034071,0.7763968266221803
2,0.2183932780654177,0.558916412185796,0.9051119171492011,0.7745163158705783,0.8015011837574213
3,0.18240219830269405,0.5880424840532082,0.9228681864687187,0.7786636980514478,0.804934478683198
4,0.16222224895332252,0.5560240803073877,0.931752443510819,0.7800612144045146,0.8126554611538508
5,0.14832143506523068,0.6099564004562043,0.9379312878227176,0.7793943387303325,0.804177498187097
6,0.13824265558219728,0.5686408735474063,0.9424686534024119,0.7808370219617303,0.8210722057780582
