,roc_auc,accuracy,sensitivity,specificity,f1_score,training_time
0,0.7877502087546238,0.742180929784585,0.8519134559998964,0.4515291253814242,0.5902273612707252,11202.50517821312
