epoch,train_loss,val_loss,train_accuracy,val_accuracy,val_roc_auc
1,0.43788894480645313,0.5756368920187674,0.7593505076226066,0.7590728599131961,0.8319961476646931
2,0.2756522209924243,0.725655662029781,0.8721759076929552,0.7357212115615477,0.8105227405676952
3,0.18958315132727857,1.0766314076567183,0.9170757811255182,0.6957821590174531,0.7568871821330696
4,0.13928986973213878,0.8976316444375836,0.9405478776655072,0.733360651953089,0.7978249770170253
5,0.11147912399628983,1.0342561934100116,0.9533834993340929,0.7332394496260043,0.8015171971538109
6,0.09503191629352568,1.1954854301251001,0.9610106154304044,0.6767476221257734,0.7377015531220679
