,roc_auc,accuracy,sensitivity,specificity,f1_score,training_time
0,0.6828482116295981,0.6057747338700447,0.6767343340071394,0.5492080090513252,0.6063383295979539,34733.02964305878
