k,SSD,Silhouette Score
2,1576.6759543604824,0.44713162005384793
3,1191.2633554947588,0.35383203617666553
4,936.9744204385657,0.35332480539738836
5,735.7262443846923,0.3650952495022171
6,575.2300983595386,0.39175646079213006
7,467.6265023021981,0.36083933465494744
8,395.1085269749283,0.38038628211205455
9,344.71094354836,0.36876104667628495
10,294.82017471212305,0.3764567003690908
