epoch,train_loss,val_loss,train_accuracy,val_accuracy,val_roc_auc
1,0.2037498959574054,0.1410815109806373,0.9192340695558003,0.9599925219667228,0.9808720866873032
2,0.1336543813802696,0.14673356035711402,0.9499858344718976,0.9639111097991755,0.9791842338181345
3,0.11536260881765482,0.14723718750829268,0.9563769674627671,0.965940510277376,0.9753803699165479
4,0.10577495543635959,0.17247732765336868,0.9595232773257113,0.9639529277484232,0.9512038213108978
5,0.09931749181526249,0.16389191468241132,0.9614718017668524,0.9636257637925436,0.9596644648173083
6,0.09523340531242157,0.16860009654974145,0.9629338744995356,0.9602532691796795,0.9663753689031104
