,roc_auc,accuracy,sensitivity,specificity,f1_score,training_time
0,0.9632482711581205,0.9046600858659275,0.9113177648040033,0.9024012722271899,0.90683760116284,10379.573012590408
