fold,epoch,train_loss,train_accuracy,train_roc_auc,val_loss,val_accuracy,val_roc_auc,val_sensitivity,val_specificity
4,1,0.20502676426123298,0.9470202538871403,0.9767438450767285,0.3065454021252794,0.8765988412309292,0.939423968201033,0.8235075158147387,0.8964407887735089
4,2,0.16898753290041454,0.952547191271225,0.9805219834162967,0.29648253450757706,0.8840207183925538,0.9433290589146607,0.8426479262860281,0.8994830705608684
4,3,0.15941013867825027,0.9542458147147734,0.9819961883969307,0.3065033692955788,0.8883381569263291,0.9469675612721394,0.8574761507637858,0.8998722880209205
4,4,0.153945357870889,0.9569416477724091,0.9834663231252261,0.30879426743566096,0.8874212131105811,0.9450888675030381,0.8580843317128735,0.8983853556930655
4,5,0.150057638119829,0.9577462279675208,0.9843921977818513,0.2976177453836651,0.896752790397822,0.9508630725312369,0.8907959237638061,0.8989790643577151
4,6,0.14705374773416552,0.9583514249682964,0.9847684336713632,0.3015058570242736,0.8904647803927862,0.9472702269568665,0.8306795761039807,0.9128084472351877
4,7,0.14499368734070084,0.9589666058109092,0.985280263578018,0.3327404266676709,0.8920009518064955,0.9457919615025715,0.9092935744360596,0.885538138749943
