epoch,train_loss,val_loss,train_accuracy,val_accuracy,val_roc_auc
1,0.6009213888701326,0.5252153614685043,0.675833250151995,0.7475875697841016,0.8070029839523387
2,0.5648307462688122,0.538811818417998,0.7080466097807139,0.7411590336445828,0.8013944252862446
3,0.5484483570851321,0.5438822014213731,0.7202646880598986,0.7462457388468949,0.8111340358519636
4,0.5346733378228248,0.5479774022256041,0.7307006691812638,0.7415463662862507,0.8087689461441436
5,0.5220836935200603,0.580416938581988,0.7405795874003966,0.7279027716021935,0.7970643744665338
6,0.5108039129507574,0.5999899816308163,0.7487691682571946,0.7312919322167877,0.784765194784925
