,roc_auc,accuracy,sensitivity,specificity,f1_score,training_time
0,0.7063261066361375,0.6586437317252898,0.6082779430934167,0.6941425104598028,0.6483798336002347,9764.13611650467
