fold,epoch,train_loss,train_accuracy,train_roc_auc,val_loss,val_accuracy,val_roc_auc,val_sensitivity,val_specificity
3,1,0.22893856853162972,0.935451737001815,0.9708435569633642,0.1683031882052303,0.9412940306945999,0.9720617333795121,0.7968943113954249,0.9790372472064851
3,2,0.19283677144751857,0.942970322424885,0.9758099588003106,0.15810535208618184,0.9450012805313373,0.9756899633514275,0.7947710984493103,0.9842684641274086
3,3,0.18239017207934358,0.9451451639510001,0.9779473661228889,0.16376942954735374,0.9459128727289847,0.973351721709449,0.7807097093901247,0.989093696020118
3,4,0.17627705573889485,0.9473859065959384,0.9793468577653136,0.15887152032227356,0.9481066197584971,0.9736376868263769,0.7941149394668855,0.9883569842223876
3,5,0.17221888393840593,0.9476925037058919,0.9799450761157014,0.17201947113599214,0.944772773671464,0.9726891225133187,0.7682877384452362,0.9909024540335867
3,6,0.1683013820742037,0.9479013997920663,0.9809933662625954,0.17806310504854006,0.9448811419336064,0.9697151524444139,0.7614284287244857,0.9928320348297269
3,7,0.165096440314152,0.9501676660449297,0.9816977272817203,0.1680125156876543,0.9491553972467968,0.9681424667580125,0.7975191314413757,0.9887901031806086
