,roc_auc,accuracy,sensitivity,specificity,f1_score, minutes, secondes
0,0.9594289535239902,0.9064984467127369,0.7961894919322576,0.9439703742292034,0.86380488054184, 435, 10
