fold,epoch,train_loss,train_accuracy,train_roc_auc,val_loss,val_accuracy,val_roc_auc,val_sensitivity,val_specificity
0,1,0.1264716072996448,0.9776174592873206,0.9968103753674682,0.8918777433308688,0.4576170717249555,0.5287567697414395,0.64765625,0.4236198462613557
0,2,0.05722684835052641,0.9880767315151606,0.9981278575211812,0.8351734294414972,0.4854771784232365,0.41131169199860246,0.31171875,0.5165618448637317
0,3,0.042529061180367984,0.9825829723651841,0.9987517077640782,1.8981182477860288,0.29010077059869593,0.4910902559399022,0.83046875,0.19343116701607269
0,4,0.03550722525328833,0.9910047240291592,0.999073390938329,1.5053781906537937,0.3771191464137522,0.4654514434835779,0.64921875,0.3284416491963662
0,5,0.03079303003290003,0.9798210000452783,0.9990565697420183,6.002976276405454,0.17640782454060464,0.5002199620020964,0.97578125,0.03340321453529001
0,6,0.02795519168390001,0.9917140830402825,0.9994012304106653,2.7308346772509995,0.23592175459395376,0.5263082525331936,0.8984375,0.11740041928721175
0,7,0.02570008369789753,0.9925290912658286,0.9993667935818484,2.8754103599525425,0.25939537640782456,0.5733218684486373,0.92734375,0.13990216631726066
