epoch,train_loss,val_loss,train_accuracy,val_accuracy,val_roc_auc
1,0.22426076340375276,0.12796351540088552,0.9110750797115434,0.958556820754067,0.9842327996860452
2,0.13423000451909062,0.13887411861256213,0.9513997428572205,0.9565786495290771,0.9809020792271929
3,0.11195318300801588,0.15209572102025168,0.9591955725775981,0.955943863240461,0.9778876706291668
4,0.10119734864237724,0.1633371808273213,0.9623133608235093,0.9556584554517809,0.973793826340335
5,0.09432640593168685,0.13952213141655606,0.9643479419063903,0.9601265635918078,0.9795963825667053
6,0.08914487589262414,0.1432809198514961,0.9660549785397226,0.9640189353305317,0.9814521037293485
