,roc_auc,accuracy,sensitivity,specificity,f1_score,training_time
0,0.9610770276354772,0.9075635579788246,0.8156254167222297,0.9387949242085355,0.8728865978241845,4893.566367149353


# STUDY ON VIT
EMB_DIM = 16
NUM_HEADS = 2
NUM_LAYERS = 2
PATCH_SIZE = 32
DROPOUT_RATE = 0.1
MLP_DIM = 128