fold,epoch,train_loss,train_accuracy,train_roc_auc,val_loss,val_accuracy,val_roc_auc,val_sensitivity,val_specificity
3,1,0.11816845059389679,0.9233185357786126,0.9817732741744247,0.26307276125521745,0.9300628447171728,0.9655515580882095,0.8917016346214066,0.9401013498010371
3,2,0.08368792227450163,0.9101929038694602,0.9760501467015059,0.27609314365658205,0.9276103679494541,0.9716318637375243,0.8954969624851256,0.9360139241253171
3,3,0.07381456616277832,0.9057395764283658,0.9760726171654925,0.3770519330551868,0.9131059423200326,0.962367265459095,0.8865284649589779,0.9200608361030805
3,4,0.06731073454445538,0.914928121380123,0.9850871855963017,0.29225262736487356,0.9236536707913654,0.9706067001656313,0.8883196592973007,0.932900007211176
3,5,0.06274224504434689,0.949114490220892,0.9902619716587726,0.2706833369820751,0.9368201456417877,0.9595162410263631,0.8730631928352226,0.9535043037609561
3,6,0.05923680074879942,0.9155474760460398,0.9831917606420604,0.327531324856075,0.9089128305582762,0.951585743094329,0.8665372330431514,0.9200018355720757
