epoch,train_loss,val_loss,train_accuracy,val_accuracy,val_roc_auc
1,0.5971589602930083,0.539467564554556,0.6800314617774935,0.734017094017094,0.8040475772653789
2,0.5469789702403489,0.5113582659702948,0.7228278775897824,0.7449382716049383,0.8250126783221543
3,0.5234037115888833,0.5115779171244209,0.7404419507594111,0.7549667616334284,0.8288470218750486
4,0.5051382337907432,0.5261657171855519,0.7533755192485351,0.7461981639759417,0.8224781426000813
5,0.49049889056437623,0.545896313358019,0.7619984366016112,0.7433744855967078,0.8135333575292034
6,0.47887380305411764,0.5348773167156908,0.7698816468657739,0.7464767331433998,0.819279014702663
7,0.46898217281926674,0.5429444352013544,0.7767861180559593,0.7462171573282684,0.818213261722694
