,roc_auc,accuracy,sensitivity,specificity,f1_score,training_time
0,0.7281465972998667,0.676170054261927,0.6738135242408747,0.6778309820478495,0.6758162826516935,2849.0847158432007
