epoch,train_loss,val_loss,train_accuracy,val_accuracy,val_roc_auc
1,0.46316527519361067,0.47810634898249554,0.8174499047360182,0.8150580019066186,0.4945241729562369
2,0.4441601821954843,0.4868024002979263,0.819846532208112,0.825319465718356,0.5291641457377996
3,0.42071616178106525,0.4994035642703999,0.8226748314040961,0.815048820757965,0.5143199635690667
4,0.39800567024575834,0.5195599411011009,0.8271143856017661,0.8092402140431789,0.5229934860354558
5,0.3764294296769345,0.5914068597463679,0.8332675589334267,0.7900164189541754,0.5066091023529019
6,0.3580940052528792,0.6368244452207941,0.8382794810878998,0.7606199111570848,0.5164968200541316


Early stopping at epoch 6