,roc_auc,accuracy,sensitivity,specificity,f1_score,training_time
0,0.5025051090245337,0.7546088375954974,0.1274333359416434,0.8764722775957022,0.2225145166801789,22993.17366027832
