fold,epoch,train_loss,train_accuracy,train_roc_auc,val_loss,val_accuracy,val_roc_auc,val_sensitivity,val_specificity
3,1,0.13784693079726162,0.9627797976551568,0.990116577806241,0.17108686442016752,0.9542914446491062,0.977401940293656,0.8452307885012839,0.9828308454776093
3,2,0.09283374581973364,0.9625159860461068,0.9919044233828422,0.18880472126347062,0.9543745794547915,0.9760850020510181,0.8686540990793512,0.9768062357005658
3,3,0.0798880792822207,0.9671105933082913,0.9935239290386091,0.2120671433552421,0.9511245281450287,0.9765542694623888,0.8523078850128389,0.97698323729358
3,4,0.07219138959440582,0.9615196619997456,0.9923429091145194,0.22771380292298118,0.9413691782903847,0.9569563175350778,0.8414980898102336,0.967503818645479
3,5,0.06643827349962851,0.972823386832185,0.9949046658102543,0.2575659297144556,0.946448195325226,0.9498204109572009,0.7930857393373834,0.9865806570036908
3,6,0.062251144331325836,0.9766111590971482,0.9953727088514568,0.22334994654926996,0.9451933793519123,0.9631148076229085,0.770990167219891,0.9907795281268642
