,roc_auc,accuracy,sensitivity,specificity,f1_score,training_time_minutes,training_time_seconds
0,0.5415039569751138,0.29344180177666745,0.9703662985358054,0.0632429538869393,0.11874667516354653,453,15
