,roc_auc,accuracy,sensitivity,specificity,f1_score,training_time_minutes,training_time_seconds
0,0.7773494024666299,0.4318088148575559,0.974788866123632,0.2471598875001062,0.3943352055853229,372,18
