,roc_auc,accuracy,sensitivity,specificity,f1_score,training_time
0,0.7014978410103248,0.6716283256144147,0.5774562135112594,0.7035789878776217,0.6343089679431226,5225 minutes and 3 seconds
