,roc_auc,accuracy,sensitivity,specificity,f1_score,training_time
0,0.5354628287899375,0.9955545620210755,0.0,1.0,0.0,28714.59071803093
