epoch,train_loss,val_loss,train_accuracy,val_accuracy,val_roc_auc
1,0.002211510380749085,0.001750364970718674,0.9998092106810657,0.99983014874991,0.4475194912636181
2,0.002062033533295244,0.0016989796015683682,0.9998065971287514,0.99983014874991,0.540505567658071
3,0.001992090937623042,0.001657049842033224,0.9998092106810657,0.99983014874991,0.5255728775996544
4,0.001978245811866836,0.0016452567432139148,0.999809646273118,0.99983014874991,0.4685860236807433
5,0.001989253039062505,0.001827658788790266,0.999809646273118,0.99983014874991,0.47337539896179137
6,0.0020398206813999945,0.0016510192173147774,0.9998070327208037,0.99983014874991,0.45094655798862404
7,0.0019743541144295143,0.001696060305552639,0.9998100818651703,0.99983014874991,0.5303731452824966
8,0.0019767072609330667,0.0016520404603126515,0.9998100818651703,0.9998286185584678,0.5090132832426244
9,0.0020004444773426525,0.0017436328864126806,0.999809646273118,0.99983014874991,0.5510370035294966
