,roc_auc,accuracy,sensitivity,specificity,f1_score,training_time
0,0.5438450157775654,0.9998557196548022,0.0,1.0,0.0,64123.66843509674
