,roc_auc,accuracy,sensitivity,specificity,f1_score
0,0.848645310228324,0.7341323591132817,0.8287708055567502,0.6586896149758289,0.7340063846807099
