epoch,train_loss,val_loss,train_accuracy,val_accuracy,val_roc_auc
1,0.21555515635923914,0.19679050366192158,0.9435932024968214,0.9535281674834926,0.5277274225866327
2,0.20873652225296543,0.20132663697183575,0.9436132453886099,0.9517679867511961,0.5682346489991152
3,0.20500506605487692,0.20872459946665411,0.9436210882593097,0.9460037775009107,0.5689566772536404
4,0.20097620383651707,0.1987389625524934,0.9437474456205845,0.9531393971304463,0.5606174145780183
5,0.1960801116143403,0.21740570769299916,0.9438276171877383,0.952811850455045,0.5516359712357839
6,0.19074546136207168,0.2205539013349244,0.9439443888181578,0.9510271802516905,0.5389404566380926
