epoch,train_loss,val_loss,train_accuracy,val_accuracy,val_roc_auc
1,0.28985943829535366,1.036662864214653,0.8580154825618567,0.6662859516145779,0.7365400332716849
2,0.15993695327302368,1.1057278627289562,0.931319019417738,0.6596292066129051,0.7462378531818313
3,0.11969363831764407,1.1572094412352167,0.9493740038241147,0.6587639451308852,0.7314144370617846
4,0.0958637481010625,1.474758635902877,0.9607532965730049,0.6431315543557263,0.7275701804087227
5,0.08120802699841075,2.126498423562084,0.9669877442225551,0.6414817891300084,0.7109252615845053
6,0.07165711799941146,1.6757925503542648,0.9710279784720951,0.6243380749662548,0.73362635332768
