,roc_auc,accuracy,sensitivity,specificity,f1_score,training_time
0,0.7914399948008866,0.6520669197459034,0.8654637066385306,0.4823718771938837,0.619475190924047,5198.60501909256
