,roc_auc,accuracy,sensitivity,specificity,f1_score,training_time
0,0.9428634437011653,0.8921282298419573,0.763989766352581,0.9355577771119001,0.84111394270036,214517.56939005852
