epoch,train_loss,val_loss,train_accuracy,val_accuracy,val_roc_auc
1,0.586007202096503,0.5430506178285902,0.6954201867496665,0.7526643940516773,0.8118506809300629
2,0.5299030400059143,0.5996295810904789,0.7389315886425712,0.733754261153105,0.7864915621717637
3,0.49318181003177924,0.6161668913442332,0.763167605859596,0.7418526752630799,0.7989086249083449
4,0.46410061232255867,0.6389471811530208,0.7811065436994421,0.7327167630057804,0.7918594668068204
5,0.4406505830286799,0.6993530592956673,0.7953965934973367,0.7207944271528086,0.7793228070084962
6,0.4203008548723103,0.7296416913569671,0.8071518810577439,0.7250056815374735,0.7835500291179959
