,roc_auc,accuracy,sensitivity,specificity,f1_score,training_time
0,0.7258135775172625,0.6731865124193399,0.7049666898488597,0.650787230737088,0.6767943841170645,13571.881375074387
