,roc_auc,accuracy,sensitivity,specificity,f1_score,training_time_minutes,training_time_seconds
0,0.8610631462807612,0.784342145295967,0.7845704753961634,0.7842646775854848,0.7844175466877243,436,29
