epoch,train_loss,val_loss,train_accuracy,val_accuracy,val_roc_auc
1,0.551521367821423,0.6246225781604843,0.7196940078713477,0.7142784163473819,0.7833551815232791
2,0.43771725498742614,0.6359132165355559,0.8015351734563557,0.7554533844189016,0.8158794698809966
3,0.3588027023648947,0.7367124033972371,0.8446777178304272,0.7233205619412516,0.8015444324740073
4,0.3018741893424366,0.8073823950635771,0.8724229155263638,0.7466411238825031,0.8203986390691247
5,0.25964078206795765,0.8631096626746049,0.8927137904970417,0.748250319284802,0.8164411091897389
6,0.2277438426871875,0.9495056804097259,0.9070816065889957,0.7359642401021711,0.7988642917093562
