,roc_auc,accuracy,sensitivity,specificity,f1_score,training_time
0,0.7017072936195323,0.665346655294261,0.6115040770213184,0.7032959423902506,0.6541958165115681,1369.252491235733
