fold,epoch,train_loss,train_accuracy,train_roc_auc,val_loss,val_accuracy,val_roc_auc,val_sensitivity,val_specificity
4,1,0.12475184834585684,0.9710505228085367,0.9927826345346774,0.5041939872943542,0.8689907762932317,0.9342352054318516,0.8626032654654264,0.8713805238231987
4,2,0.07968515417385015,0.9709076738105785,0.993172392286009,0.4797843799124194,0.8823127275818586,0.944887069454256,0.9483379951863657,0.8576108171778185
4,3,0.06749673571891938,0.9750715967949196,0.9949630415766703,0.5281829871975801,0.8971507105512971,0.9512209992147023,0.9197293956937488,0.8887033891292815
4,4,0.06011944858653584,0.9690468776529659,0.9944512583569992,0.5982041885529253,0.8890463168931269,0.9524134802870929,0.9450855395823847,0.8680804668753134
4,5,0.05526893314676899,0.9741130048349373,0.9954913748885207,0.5508494783780479,0.8893828192521855,0.9559467639366133,0.9469459441878618,0.8678468345250205
4,6,0.051591580967618934,0.9738091374489299,0.9959851993442962,0.4868888043098589,0.8858229785063546,0.9604078114376522,0.9589930397450075,0.8584479997663677
4,7,0.04881453977071318,0.9768252562040636,0.9965376641242022,0.5711773971687949,0.8898326697742954,0.9499332530494524,0.9670721394652962,0.8609352108288595
