fold,epoch,train_loss,train_accuracy,train_roc_auc,val_loss,val_accuracy,val_roc_auc,val_sensitivity,val_specificity
2,1,0.11194649120317351,0.7341374523876876,0.960519044690894,0.8057021472094839,0.7391611338563339,0.9466778723498788,0.9817421433018434,0.6761464116077361
2,2,0.07424081782052733,0.7729838364833661,0.9782963499285502,0.8839717791538237,0.7532045646731804,0.9534759127081948,0.9809977532956176,0.6940312413203905
2,3,0.06336760647512796,0.8486701445309159,0.986173807892688,0.9473856354807911,0.7568270553727565,0.9543335371616353,0.9815661965730991,0.6984470750375311
2,4,0.0569480382447465,0.926521455966423,0.990302343521949,0.5712247560992056,0.8489605572719129,0.958058314158005,0.9585577781988469,0.8204907341323555
2,5,0.052503938841261505,0.9230933694715444,0.9931663920060371,0.7431978969038416,0.8188838374958487,0.967570402457087,0.980645859838129,0.7768632814285362
2,6,0.04910070985960261,0.9281483333223691,0.9935630801036427,0.7103078338918853,0.8302536580737169,0.961988347674108,0.9695206128359906,0.7940765950265618
2,7,0.04620375657965314,0.9452499523054556,0.9950483597722916,0.5895422507319873,0.8637910007060787,0.9653254770737505,0.978060796361963,0.8341073933572641
2,8,0.043983163055802466,0.949752975152787,0.9938691292301429,0.7876814097175941,0.8545784877636283,0.9579043957029552,0.9670979617248193,0.8253495575376805
2,9,0.042175397967046814,0.9323665046148584,0.9944929270786419,0.7208397772977074,0.847807946594775,0.9637351342547009,0.9799420729231518,0.8134837623184533
