epoch,train_loss,val_loss,train_accuracy,val_accuracy,val_roc_auc
1,0.4487785732955383,0.5244901215276998,0.8178013993424189,0.7823651318911076,0.5433787967744048
2,0.41194173853343385,0.5783251413810552,0.8231728943417174,0.7342555659975939,0.5517963698139123
3,0.38030481769110086,0.6334633771452346,0.8319813095676922,0.7359239112134227,0.5427824464863984
4,0.35296328541528516,0.6441211479700141,0.841117382502904,0.7221669508465705,0.5537323422700178
5,0.3305965598733607,0.8132603676806573,0.8496024971700308,0.6632116104582286,0.5443676602952289
6,0.31396865184851236,0.7445132973693075,0.8559691653181286,0.7052508487132314,0.541032244624068
