epoch,train_loss,val_loss,train_accuracy,val_accuracy,val_roc_auc
1,0.14297576742918755,0.1395865299227779,0.9469441524903813,0.9635618069289882,0.9829582346447969
2,0.10485055111063389,0.1455315371293168,0.9624759576678309,0.9698713975066663,0.9762670448584435
3,0.09043199155204695,0.1401773186306951,0.9647587478080799,0.9712218712794325,0.9799268466932944
4,0.08087029593748692,0.1379809596036574,0.9664980164863648,0.9604057817004654,0.980478614785475
5,0.07389980120137248,0.15817268408485322,0.9687352867041742,0.9572226977988999,0.9800747765940226
