,roc_auc,accuracy,sensitivity,specificity,f1_score,training_time
0,0.9662794786812527,0.9315502349481086,0.8990742285237698,0.9425686764988851,0.9203078439829041,212084.99282622337


Test loss: 0.3387