epoch,train_loss,val_loss,train_accuracy,val_accuracy,val_roc_auc
1,0.3329592558803335,0.4558271506836843,0.8497989160430895,0.8022856639929458,0.8102643158138755
2,0.2859829858046694,0.47108221215292606,0.8690401929793677,0.7919786711215305,0.8026614986992235
3,0.24845734567118458,0.5623511846761773,0.886699778123052,0.771620004209647,0.7561023357461522
4,0.21444439801602316,0.6518447799342091,0.9022073524696885,0.7420528381282764,0.736670235280621
5,0.190474419819197,0.7269081677815552,0.9134176023512663,0.734987356528461,0.7220002724208356
6,0.17564080246081953,0.6545382963818489,0.9200455277210117,0.7496887393601586,0.7602913297707745
