,roc_auc,accuracy,sensitivity,specificity,f1_score,training_time
0,0.7845415198672376,0.7730145694848826,0.8913082823233457,0.4593283346985067,0.6062373015257071,55944.62665390968
